lead_id,first_name,last_name,email,title,company_id,created_date
1,Betty,Ross,xbrooks@anderson.net,"Civil engineer, contracting",80,2025-06-02
2,Jeffery,Reeves,robert12@yahoo.com,"Engineer, chemical",129,2025-02-16
3,Anthony,Gordon,sallyball@meyers.com,"Scientist, water quality",10,2025-05-19
4,Erin,Smith,elizabeth20@cook.net,Dancer,107,2025-01-31
5,Karen,Avila,ryanterry@herrera-lee.com,Neurosurgeon,26,2025-01-19
6,Christopher,Quinn,xdonaldson@hotmail.com,Retail manager,122,2025-01-27
7,Sarah,Mccormick,sally24@hughes.com,"Conservation officer, historic buildings",70,2025-03-14
8,Christopher,Hamilton,bfischer@prince.com,"Lecturer, further education",125,2025-03-28
9,Martha,Nichols,christopher45@gmail.com,"Engineer, agricultural",17,2025-05-30
10,Jennifer,Gardner,dennis35@yahoo.com,Radio broadcast assistant,174,2025-04-02
11,Matthew,Hughes,sharon05@robinson.com,Insurance risk surveyor,39,2025-03-25
12,James,Ibarra,randywilson@gmail.com,Higher education careers adviser,44,2025-01-11
13,Charlotte,Orr,daniel55@wade-parrish.com,IT sales professional,102,2025-04-19
14,Danielle,Smith,schwartzallison@gmail.com,Research scientist (life sciences),156,2025-04-15
15,William,Gardner,joshuabrown@gmail.com,Geographical information systems officer,68,2025-02-25
16,Elizabeth,Bennett,donnarodriguez@jackson-petty.com,Press sub,130,2025-02-26
17,Shelley,Brown,reyesstephanie@gilbert-murray.info,Magazine features editor,73,2025-03-12
18,Lauren,Cole,jeremywright@murray.com,Insurance underwriter,94,2025-05-11
19,Sara,Palmer,barberclinton@russell-johnson.com,Air cabin crew,53,2025-03-22
20,Tabitha,Norris,escobardwayne@moreno.com,"Engineer, agricultural",38,2025-04-09
21,Mercedes,Carroll,steve85@yahoo.com,Physiological scientist,180,2025-03-09
22,Isaac,Wheeler,lanelauren@price-singleton.com,Occupational therapist,161,2025-05-06
23,Roberta,Bell,ashleecruz@thomas.biz,Investment analyst,15,2025-04-07
24,David,Clark,fcardenas@palmer.com,Community development worker,69,2025-01-11
25,Peter,Butler,holly37@hotmail.com,Product/process development scientist,130,2025-02-22
26,James,Davis,millerjason@hotmail.com,Curator,135,2025-03-24
27,Edward,Owens,brucegreen@barnes-benson.com,Data processing manager,146,2025-04-29
28,Matthew,Johnson,mendozaalicia@gmail.com,Quarry manager,74,2025-03-01
29,Albert,Farrell,barbaraberg@stein.info,"Therapist, speech and language",148,2025-02-22
30,Deborah,Turner,teresa89@hotmail.com,Solicitor,120,2025-01-31
31,Joseph,Watson,cynthiapeck@gmail.com,Radiation protection practitioner,157,2025-05-31
32,Isaiah,Miranda,msanchez@hotmail.com,Office manager,136,2025-02-25
33,Kyle,Harris,jamie66@johnson.com,"Administrator, local government",85,2025-01-07
34,Jennifer,Patel,phiggins@gmail.com,"Education officer, environmental",152,2025-05-24
35,Michael,Hall,susanclark@hotmail.com,Waste management officer,43,2025-04-22
36,Jocelyn,White,floreshannah@barker-williams.com,"Engineer, broadcasting (operations)",99,2025-05-31
37,Darlene,Gilmore,nicolerivera@baker.org,Clinical embryologist,116,2025-02-28
38,Elizabeth,Fitzpatrick,ashleyanderson@hotmail.com,Estate agent,129,2025-02-14
39,Amanda,Anderson,lkey@gmail.com,Metallurgist,179,2025-02-28
40,Eric,Dunn,michael29@leonard.biz,"Horticulturist, amenity",14,2025-03-30
41,Margaret,Paul,taylorbest@hotmail.com,Information officer,16,2025-04-11
42,Yvette,Summers,pharrison@chandler.com,Commercial/residential surveyor,38,2025-05-18
43,Brandon,Peters,cynthia43@patrick-mercer.com,Dancer,162,2025-04-06
44,Lindsay,Valdez,anne68@gibson-decker.com,IT consultant,173,2025-01-26
45,Kimberly,Robinson,melissa19@joseph.net,Educational psychologist,154,2025-04-16
46,Zoe,Harris,andersongary@lambert.com,Tourist information centre manager,79,2025-04-03
47,Jesse,Butler,iwalker@hotmail.com,Insurance underwriter,197,2025-05-08
48,Luis,Mccarty,karen64@yahoo.com,Geophysicist/field seismologist,123,2025-02-07
49,Michael,Cannon,harry52@yahoo.com,Magazine journalist,76,2025-02-01
50,Emily,Weaver,josephbernard@yahoo.com,Conference centre manager,165,2025-04-13
51,Alexander,Bradley,villadiane@sutton.com,Hydrologist,156,2025-03-01
52,Cheryl,Bryant,abigail78@gmail.com,Restaurant manager,163,2025-01-13
53,Michael,Wells,hphillips@yahoo.com,Passenger transport manager,132,2025-05-27
54,Suzanne,Stevenson,stevenrandolph@yahoo.com,"Journalist, magazine",75,2025-02-09
55,Miranda,Page,jonathancarpenter@hotmail.com,Television floor manager,79,2025-05-14
56,Lance,Roberts,christine88@gmail.com,"Engineer, drilling",77,2025-06-04
57,Joseph,Gutierrez,chavezalan@yahoo.com,"Engineer, agricultural",58,2025-01-12
58,Lisa,Bruce,torresmelissa@yahoo.com,Site engineer,67,2025-04-24
59,Sierra,Hughes,fwebb@schmidt.info,English as a second language teacher,51,2025-02-05
60,Jessica,Adams,juan34@hotmail.com,Naval architect,53,2025-02-07
61,Trevor,Morales,aguilaramy@morgan-marsh.com,Media buyer,190,2025-03-27
62,Jonathan,Ball,tiffanysmith@hotmail.com,Barrister's clerk,58,2025-05-28
63,Jennifer,Miller,vsmith@yahoo.com,"Solicitor, Scotland",148,2025-01-14
64,Karen,Mclaughlin,stewartjustin@wyatt.com,Probation officer,160,2025-01-25
65,Micheal,Lester,matthewflores@ballard.com,Operational investment banker,181,2025-04-27
66,Kristi,Moore,conleyhannah@gmail.com,Phytotherapist,41,2025-02-21
67,Courtney,Kim,nfinley@payne.com,Exercise physiologist,19,2025-02-02
68,Lori,Fowler,morganscott@moore.org,Acupuncturist,6,2025-03-07
69,Sarah,Miller,valerietaylor@hotmail.com,"Engineer, automotive",46,2025-05-15
70,Katie,Butler,swansonangela@gmail.com,"Solicitor, Scotland",16,2025-03-01
71,Dawn,Wilson,ataylor@hotmail.com,Veterinary surgeon,50,2025-06-01
72,Louis,Collins,benjamin54@silva-riley.com,Art therapist,136,2025-01-17
73,Mark,Shah,nwarren@perez.com,Armed forces training and education officer,200,2025-01-22
74,Matthew,Sharp,vaughandennis@smith.com,Operational researcher,109,2025-05-12
75,Christine,Webster,mario94@hernandez.info,"Therapist, art",31,2025-05-02
76,Gina,Kirk,walterford@hotmail.com,Community education officer,146,2025-05-26
77,Katherine,Lee,stevenskenneth@roberts.org,"Surveyor, building control",130,2025-04-19
78,Robert,Maxwell,erinkeller@pierce.com,Mental health nurse,93,2025-04-10
79,Stephen,Buchanan,whitezachary@hotmail.com,Astronomer,142,2025-02-14
80,Jennifer,Pena,lpayne@hotmail.com,"Scientist, water quality",45,2025-05-25
81,Suzanne,Gonzalez,erinrios@yahoo.com,"Scientist, research (medical)",166,2025-02-17
82,Lauren,Kennedy,vsanchez@gmail.com,Wellsite geologist,27,2025-04-26
83,Regina,Adams,christopherking@caldwell.com,Public house manager,159,2025-05-09
84,Tyler,Burnett,rebeccamoore@reeves.com,"Clinical scientist, histocompatibility and immunogenetics",77,2025-04-29
85,Corey,Evans,morgan06@hotmail.com,Games developer,79,2025-05-19
86,Christopher,Dunn,jamestaylor@hotmail.com,Counsellor,131,2025-03-14
87,Shane,Love,tclark@yahoo.com,Advertising account executive,118,2025-04-02
88,Elizabeth,James,whitekenneth@vincent-meza.com,Catering manager,158,2025-02-11
89,Allen,Dominguez,ashleylawson@yu.com,"Editor, magazine features",151,2025-05-15
90,Lori,Morris,oescobar@gmail.com,"Education officer, museum",55,2025-06-05
91,Alejandra,Edwards,dillon48@osborne.com,Senior tax professional/tax inspector,132,2025-04-10
92,Stephen,Ortiz,jennifer50@pugh.org,Stage manager,72,2025-05-20
93,Debbie,Harris,qhendricks@rich.com,Tour manager,125,2025-03-25
94,Nicholas,Thomas,bowenlaura@yahoo.com,Retail merchandiser,139,2025-01-05
95,Michelle,Carrillo,blackjohn@richard-maldonado.com,"Production assistant, television",40,2025-04-18
96,Holly,Horne,ldominguez@yahoo.com,Contracting civil engineer,193,2025-02-21
97,Caroline,Fitzpatrick,collierthomas@hutchinson-holmes.org,"Designer, blown glass/stained glass",128,2025-05-02
98,Howard,Long,gonzaleskimberly@williams-miller.com,Financial planner,9,2025-02-28
99,Mary,Hayes,brittany62@booth.info,Agricultural engineer,156,2025-02-27
100,Alexander,Wade,danielsanchez@hotmail.com,"Designer, jewellery",191,2025-04-24
101,Glenda,Cruz,coleshari@yahoo.com,Emergency planning/management officer,56,2025-05-29
102,Marilyn,Wilkinson,jeremykrueger@hotmail.com,Warden/ranger,34,2025-01-05
103,Cheryl,Cruz,monica34@english-snyder.com,Civil Service administrator,119,2025-05-28
104,Michael,Wright,afoster@kelley-merritt.com,Analytical chemist,69,2025-06-03
105,Derek,Rose,middletonmichelle@brown.com,"Research officer, government",72,2025-02-18
106,Vanessa,Hayden,donnagilbert@hotmail.com,Animator,121,2025-02-12
107,Sara,Evans,matthew20@yahoo.com,Dietitian,56,2025-01-12
108,Paul,James,jabbott@gmail.com,Travel agency manager,189,2025-03-11
109,Ralph,Anderson,michael42@terry.com,"Nurse, mental health",128,2025-03-20
110,Todd,Brady,wunderwood@miller.com,Multimedia specialist,43,2025-02-07
111,Hannah,Gutierrez,regina05@yahoo.com,"Conservation officer, historic buildings",91,2025-05-11
112,Amy,Ramirez,janetross@yahoo.com,Oncologist,47,2025-02-04
113,Haley,Hill,moorechristopher@smith-mendez.net,Print production planner,21,2025-03-11
114,Miguel,Fritz,janealvarez@gmail.com,Field trials officer,56,2025-01-02
115,Victoria,Sanchez,vsmith@sweeney.com,Insurance account manager,69,2025-03-26
116,Lisa,Dominguez,angelatorres@combs.com,Animal technologist,96,2025-04-16
117,Carolyn,Thompson,orozcostacey@oliver.org,Civil Service fast streamer,115,2025-01-21
118,Daniel,Soto,chamberssamantha@james.com,"Engineer, building services",127,2025-02-26
119,Zachary,Foster,gkelly@mason-garrett.net,Catering manager,83,2025-03-18
120,Autumn,Thomas,wbarnett@rhodes.net,Forensic scientist,61,2025-01-24
121,Vickie,Owen,meganbrock@ellis-west.com,Television production assistant,157,2025-03-21
122,Eric,Brock,gregory01@gmail.com,Housing manager/officer,61,2025-03-12
123,David,Delgado,alexander19@parker.com,"Psychologist, occupational",151,2025-02-02
124,Christopher,Glover,megan52@gmail.com,"Buyer, retail",165,2025-04-14
125,Justin,Erickson,aliciawhite@yahoo.com,Operational investment banker,128,2025-02-09
126,Michael,Pratt,jasonsmith@norman-baker.com,Primary school teacher,108,2025-03-27
127,Shawn,Campbell,johnsonmark@riggs-mitchell.com,Warehouse manager,96,2025-04-21
128,Chelsea,Lewis,treeves@murphy.com,Games developer,146,2025-01-29
129,Vickie,Thompson,kcoleman@rice-sanchez.com,"Presenter, broadcasting",119,2025-03-06
130,Neil,Barber,colliertim@mills-richards.info,"Designer, ceramics/pottery",65,2025-05-08
131,Teresa,Jones,barneslori@yahoo.com,Publishing rights manager,2,2025-02-02
132,Stacey,Chavez,fostercorey@hotmail.com,Industrial/product designer,6,2025-01-24
133,Scott,Sanchez,tyler76@fleming.biz,Quarry manager,167,2025-02-20
134,Ryan,Davidson,stownsend@yahoo.com,Herbalist,187,2025-01-11
135,Juan,Little,clarktabitha@yahoo.com,Estate agent,156,2025-03-05
136,Patrick,Grant,stacy35@hotmail.com,Trade union research officer,108,2025-01-12
137,Steve,Kelly,kyle64@gmail.com,"Administrator, sports",134,2025-03-10
138,Ronald,Cook,pollardjonathan@yahoo.com,Counsellor,183,2025-01-03
139,Victoria,Sanchez,dawn14@hotmail.com,Science writer,84,2025-05-07
140,Christopher,Brown,prattgary@torres-campbell.info,Retail banker,82,2025-01-19
141,Anthony,Taylor,bryantmary@yahoo.com,"Education officer, environmental",34,2025-05-11
142,Timothy,Gutierrez,owilliams@thomas.com,Regulatory affairs officer,42,2025-05-05
143,Yvonne,Escobar,ronald06@davis-montoya.info,"Engineer, petroleum",8,2025-05-10
144,Jesse,Hayes,vjohnson@yahoo.com,Paediatric nurse,18,2025-06-06
145,Daniel,Price,lrodgers@hotmail.com,Energy engineer,125,2025-01-28
146,Amber,Thompson,nicholasmitchell@yahoo.com,"Scientist, clinical (histocompatibility and immunogenetics)",73,2025-02-28
147,Susan,Smith,marcus73@osborne-hernandez.com,Television production assistant,164,2025-02-06
148,Phillip,Perez,joseph42@young-taylor.com,Multimedia specialist,192,2025-03-03
149,Beverly,Moreno,ashleyflynn@gmail.com,Press sub,139,2025-04-12
150,Alexis,Buckley,jennifer63@gonzalez-zhang.com,Chief Strategy Officer,147,2025-03-08
151,George,Higgins,daniel55@santiago.com,Microbiologist,54,2025-04-18
152,Jacob,Arnold,anthony39@goodwin.com,Special effects artist,194,2025-05-31
153,Tanner,Mack,heatherbrown@valencia.com,"Civil engineer, contracting",136,2025-04-07
154,Clayton,King,farleytina@barber.com,Broadcast engineer,23,2025-04-06
155,Kimberly,Mason,kennedyamanda@douglas.com,Magazine journalist,139,2025-04-18
156,Ronald,Mitchell,amber17@gonzalez.com,Tour manager,193,2025-02-08
157,Natalie,Long,pamelamiller@gmail.com,Petroleum engineer,135,2025-04-27
158,Nancy,Payne,mannstephanie@wolfe-avila.com,Politician's assistant,73,2025-02-10
159,Michael,Dennis,oconnorandrew@pena.info,Quality manager,171,2025-04-05
160,Ronald,Rogers,garciawyatt@hotmail.com,"Scientist, clinical (histocompatibility and immunogenetics)",84,2025-03-07
161,Herbert,Ingram,laurenkelly@hotmail.com,Engineering geologist,63,2025-03-10
162,Steven,Vang,leslie04@lewis-howard.com,Building control surveyor,111,2025-02-11
163,Pamela,White,gallegosemma@yahoo.com,"Designer, textile",186,2025-05-25
164,Brittney,Ruiz,stephaniewashington@johnson.com,"Horticulturist, commercial",71,2025-05-27
165,Chelsea,Cameron,kevin51@brown-peterson.com,"Designer, graphic",75,2025-01-20
166,Vickie,Guerra,bli@hotmail.com,Field trials officer,81,2025-06-05
167,Madison,Miller,shannonmalone@yahoo.com,Veterinary surgeon,186,2025-04-22
168,Mark,Austin,hkennedy@gmail.com,Field seismologist,157,2025-06-05
169,Sarah,Michael,christopher55@gmail.com,Phytotherapist,159,2025-05-13
170,Janet,Reyes,carterautumn@lewis.com,Investment analyst,186,2025-04-20
171,Kelly,Patterson,williamslindsey@gmail.com,Music therapist,125,2025-02-25
172,Angela,Irwin,leslie91@hotmail.com,Logistics and distribution manager,43,2025-05-13
173,Jennifer,Hayes,richard53@conley-wang.com,Agricultural engineer,65,2025-04-15
174,Jennifer,Bailey,reynoldsmichael@rowland.org,"Conservator, furniture",110,2025-04-22
175,Samantha,Walls,martinezchristopher@yahoo.com,Environmental education officer,32,2025-01-07
176,John,Brooks,christopherrodriguez@gmail.com,Water quality scientist,137,2025-04-20
177,Stephanie,Barber,smoore@yahoo.com,Industrial buyer,68,2025-06-01
178,Taylor,Sims,christopherlewis@dalton-morris.org,Ergonomist,144,2025-01-12
179,Mitchell,Chase,hudsonluis@simmons-french.net,Diplomatic Services operational officer,137,2025-03-29
180,Randy,Sawyer,davismichael@welch-hale.com,Publishing copy,192,2025-03-11
181,Diana,Gonzales,humphreylauren@yahoo.com,Optometrist,6,2025-01-25
182,Breanna,Boyd,guy30@adams.info,Broadcast engineer,24,2025-03-24
183,Robert,Wood,tvelasquez@moore.com,Health promotion specialist,101,2025-05-15
184,Alicia,Collins,wmeyer@parker-stewart.com,Gaffer,153,2025-05-12
185,Brian,Newman,patty06@yahoo.com,Data processing manager,49,2025-04-14
186,Nicholas,Friedman,anthony83@thompson.biz,Health physicist,193,2025-04-16
187,Jennifer,Carter,donald38@gmail.com,Glass blower/designer,169,2025-02-20
188,Isaac,Newton,parrishjessica@yahoo.com,Geophysical data processor,55,2025-05-17
189,Brenda,Stafford,michaelbryant@yahoo.com,Secretary/administrator,194,2025-05-14
190,Nancy,Shepherd,kristin05@hotmail.com,Consulting civil engineer,14,2025-01-22
191,Elizabeth,Ward,singhfernando@perez.org,Secretary/administrator,90,2025-01-07
192,James,Mack,samanthacrawford@hotmail.com,Telecommunications researcher,88,2025-04-12
193,Jeremy,Stout,nunezelizabeth@gmail.com,Engineering geologist,156,2025-01-25
194,Tyler,Perkins,jamesrobert@gmail.com,Retail manager,48,2025-02-01
195,John,Foster,andersonjames@gmail.com,Counsellor,10,2025-02-14
196,Laura,Rodriguez,rodriguezjoyce@gmail.com,"Producer, radio",147,2025-01-20
197,Bonnie,Schneider,cervanteslaura@gmail.com,Recruitment consultant,101,2025-04-23
198,Rebecca,Wade,bholmes@rios.com,Occupational psychologist,147,2025-01-13
199,Robert,Maldonado,cpeterson@yahoo.com,Social researcher,112,2025-01-18
200,Carlos,Ball,justindalton@rivera-carter.biz,Counsellor,98,2025-05-15
201,Christopher,Hester,barbarabell@martinez.org,Exhibition designer,95,2025-01-10
202,Jimmy,Hampton,stacy86@hotmail.com,Publishing rights manager,52,2025-02-22
203,Katelyn,Travis,ztucker@maldonado-king.com,Building control surveyor,153,2025-03-01
204,Kayla,Pratt,wreyes@jimenez.com,Medical illustrator,137,2025-06-05
205,Isaac,Davis,mark42@gmail.com,"Designer, industrial/product",142,2025-03-10
206,Trevor,Stone,xsmith@wright.com,Management consultant,3,2025-03-07
207,Kelly,Murray,annmichael@yahoo.com,Forest/woodland manager,28,2025-03-06
208,Jamie,Clark,larrydavenport@hotmail.com,Tree surgeon,29,2025-03-06
209,Carol,Smith,riverajames@yahoo.com,"Pilot, airline",54,2025-04-02
210,Melissa,Reynolds,laurenanderson@yahoo.com,"Exhibitions officer, museum/gallery",78,2025-03-02
211,Jason,Mckay,qsullivan@fitzgerald.net,Sports therapist,18,2025-04-06
212,Sean,Benjamin,cory85@jackson-mccoy.biz,Academic librarian,40,2025-03-30
213,Kenneth,Lawson,kmiller@davis-pearson.info,Chief Marketing Officer,74,2025-03-02
214,Leslie,Johnson,wgregory@ramirez-coleman.biz,Archivist,186,2025-03-07
215,Tyler,Russell,henry91@moore.com,"Scientist, physiological",133,2025-02-13
216,John,Mosley,amy62@stokes.org,Race relations officer,75,2025-04-15
217,Jesus,Miller,zbaker@dyer.org,"Scientist, clinical (histocompatibility and immunogenetics)",200,2025-02-22
218,Patrick,Reyes,petersonedward@maynard.com,Barrister's clerk,40,2025-02-08
219,Douglas,Garcia,millergwendolyn@galloway.net,Maintenance engineer,35,2025-01-22
220,Martin,Hood,xmorgan@hotmail.com,"Designer, blown glass/stained glass",161,2025-03-18
221,Nicholas,Stewart,tayala@yahoo.com,Publishing copy,124,2025-01-12
222,Joe,Dean,nancy19@hotmail.com,"Nurse, adult",174,2025-03-20
223,Cody,Lowe,joan75@long.com,Insurance account manager,146,2025-02-16
224,Annette,Kelley,alicia42@pugh-chapman.com,Sales promotion account executive,115,2025-01-22
225,Brandon,Bell,webblisa@ryan.com,Civil Service fast streamer,88,2025-04-22
226,Jonathan,Walker,lacey81@hotmail.com,Armed forces logistics/support/administrative officer,122,2025-06-05
227,Jennifer,Cole,hgraham@gmail.com,Agricultural engineer,10,2025-01-11
228,Sandra,Simmons,williamsjacob@diaz-sharp.com,Ergonomist,133,2025-02-03
229,Elizabeth,Taylor,sallytaylor@hays-brown.com,Archaeologist,62,2025-01-31
230,Kimberly,Decker,veronica74@yahoo.com,Tax adviser,105,2025-05-09
231,James,Montes,leah59@myers.com,"Engineer, control and instrumentation",83,2025-02-19
232,Ashley,Neal,michael23@yahoo.com,"Engineer, manufacturing systems",110,2025-01-21
233,Dan,Marquez,meyersmolly@patterson.net,Applications developer,70,2025-02-26
234,Stephanie,Parker,wwright@gmail.com,Neurosurgeon,185,2025-04-15
235,Jason,Mcdonald,ffernandez@green.com,Cartographer,116,2025-03-21
236,Carmen,Lopez,lisachase@yahoo.com,Horticultural therapist,94,2025-04-27
237,Donna,Barker,sarahkelly@barnes.com,"Engineer, mining",67,2025-04-11
238,Brett,Rodriguez,robertschneider@salinas.com,Environmental consultant,84,2025-04-25
239,Christian,Carpenter,georgejohnson@hotmail.com,Training and development officer,188,2025-01-09
240,Jacob,Smith,pricerebecca@gonzales.com,Exhibition designer,101,2025-05-19
241,Emily,Anderson,bhoward@butler-olson.info,"Administrator, education",18,2025-04-11
242,Steven,Roy,adam46@gmail.com,Art therapist,9,2025-06-07
243,Brian,Holden,blairlatoya@hotmail.com,"Accountant, chartered certified",71,2025-05-15
244,Jeffrey,Morris,eroberts@horne.biz,Maintenance engineer,113,2025-05-12
245,Sara,Middleton,cunninghamerin@flowers.info,Lobbyist,81,2025-04-19
246,Connie,Kelly,janet75@gmail.com,Government social research officer,99,2025-04-25
247,Jacob,Gomez,ashley45@gmail.com,Contracting civil engineer,32,2025-05-24
248,Kathleen,Dominguez,lynn83@gmail.com,Museum/gallery conservator,42,2025-04-27
249,Erik,Allen,murphysteven@hotmail.com,Legal secretary,124,2025-01-16
250,Robert,Atkins,pamela43@hotmail.com,Public house manager,137,2025-03-10
251,Kimberly,Lewis,justin16@brown.info,Tax adviser,64,2025-02-22
252,Holly,Walker,simmonsralph@stewart.com,Occupational therapist,157,2025-02-13
253,Chelsea,Sanchez,parrishjohn@hotmail.com,Customer service manager,83,2025-02-19
254,Elizabeth,Lewis,mikayla79@hotmail.com,Private music teacher,173,2025-02-28
255,Brenda,Chandler,burkelevi@gmail.com,Volunteer coordinator,178,2025-03-25
256,Rose,Porter,hturner@gmail.com,Operational researcher,77,2025-02-11
257,Austin,Ramos,dylanluna@coffey.com,Barista,72,2025-03-23
258,Amy,Matthews,tadams@gmail.com,Oceanographer,1,2025-01-19
259,Vanessa,Garner,erica64@hotmail.com,Industrial/product designer,182,2025-05-24
260,Rodney,Stanley,uallen@leach-choi.biz,Industrial buyer,82,2025-05-01
261,Melissa,Hernandez,gregoryhayden@gmail.com,Health physicist,108,2025-01-29
262,Danielle,Alvarez,jeremypowers@yahoo.com,Quantity surveyor,79,2025-03-05
263,Nicolas,Harris,mccarthylogan@parker.com,Glass blower/designer,136,2025-03-30
264,Marvin,Hall,leekim@hotmail.com,Retail banker,172,2025-03-30
265,Tiffany,Moore,ncain@yahoo.com,English as a second language teacher,92,2025-01-16
266,Tyler,Wilson,pattersoncharles@munoz-potter.org,"Civil engineer, consulting",190,2025-05-14
267,Shannon,Bennett,jared37@yahoo.com,"Psychologist, occupational",3,2025-05-11
268,Brandon,Collins,mmoore@yahoo.com,Health and safety adviser,105,2025-05-27
269,Alexis,Larson,owalker@hotmail.com,"Engineer, biomedical",166,2025-01-05
270,Stacy,Kim,mirandaestrada@gmail.com,Chartered accountant,75,2025-02-10
271,Michelle,Jackson,edward34@gmail.com,"Teacher, early years/pre",134,2025-05-19
272,Dalton,Nunez,andrea26@hotmail.com,"Journalist, broadcasting",142,2025-03-04
273,Edgar,Farley,macdonaldkatherine@bender.com,Jewellery designer,136,2025-04-25
274,Ashley,Ball,davidpham@kemp.biz,"Scientist, physiological",198,2025-06-05
275,Henry,Jackson,bakerkathleen@chapman.com,Sub,161,2025-06-04
276,Jennifer,Bowen,roywillie@spencer-hayes.com,"Therapist, horticultural",51,2025-02-26
277,Kimberly,Manning,tmorrow@gmail.com,Amenity horticulturist,178,2025-01-21
278,Dillon,Davis,nathan24@rowland.net,"Engineer, structural",162,2025-01-31
279,Mary,Olson,jamesrobert@hall.com,Chiropodist,48,2025-03-30
280,Caleb,Zimmerman,dylansanchez@yahoo.com,Production manager,131,2025-02-05
281,Bruce,Bailey,zhowell@hotmail.com,Water quality scientist,12,2025-03-16
282,Christina,Ward,crystalsantos@vaughn.net,Operational investment banker,98,2025-02-13
283,Trevor,Johnson,grose@hotmail.com,Engineering geologist,163,2025-03-06
284,Heidi,Smith,petersenjames@yahoo.com,Ergonomist,144,2025-05-21
285,Nicolas,Hamilton,andrewschristopher@gmail.com,Electronics engineer,150,2025-04-20
286,Kelly,Knight,benderdustin@gmail.com,Geophysicist/field seismologist,82,2025-03-03
287,Jacob,Stephenson,calhounchristopher@yahoo.com,Ship broker,194,2025-01-02
288,Daniel,Perez,bharris@chambers-wells.com,Oceanographer,30,2025-02-22
289,Ryan,Davidson,angelawood@gill.com,Games developer,179,2025-03-02
290,Samantha,Flores,claudia80@donovan-orr.net,Hydrogeologist,65,2025-06-04
291,Laura,Ramos,chelsea53@yahoo.com,"Teacher, special educational needs",103,2025-04-18
292,Kenneth,Jordan,lopezmichael@campbell.com,Immunologist,11,2025-03-03
293,Andrew,Sanchez,williamsfrances@gmail.com,Quarry manager,55,2025-01-28
294,Scott,Foster,aharrington@gmail.com,Purchasing manager,42,2025-06-05
295,Donna,Kemp,richmondjoshua@hotmail.com,Ecologist,36,2025-03-30
296,Nathan,Holmes,troy13@perez-guzman.com,Printmaker,56,2025-04-05
297,Tyler,Fuentes,kennethrodriguez@gmail.com,Futures trader,183,2025-03-07
298,Zachary,Adams,kayla30@taylor-hoffman.org,Copy,103,2025-02-17
299,Chad,Harmon,hjohnson@walsh.com,Holiday representative,17,2025-03-05
300,Margaret,Baldwin,lcochran@gmail.com,Equality and diversity officer,160,2025-05-23
301,Traci,Cannon,qorozco@gmail.com,Ranger/warden,138,2025-03-03
302,Cynthia,Preston,stewartconnor@perry.com,"Administrator, sports",107,2025-06-07
303,Jacqueline,Phelps,wcline@gmail.com,Trade mark attorney,18,2025-02-17
304,Kristy,Figueroa,garzarebecca@hotmail.com,Quality manager,151,2025-01-24
305,Dorothy,Campbell,robert15@fuentes.biz,Location manager,193,2025-03-04
306,Matthew,Rodriguez,wardchristina@sharp.com,Psychiatric nurse,113,2025-02-19
307,Tasha,Murphy,emilyowens@liu.com,Legal secretary,11,2025-03-15
308,Jason,Brown,ashley59@miller-west.com,"Engineer, communications",31,2025-03-04
309,Kylie,Johnson,gloverdaniel@williams-ochoa.com,"Surveyor, building",18,2025-04-07
310,Kayla,Berry,matthewgentry@cooper.com,Medical technical officer,64,2025-04-09
311,Lacey,Gregory,qlowe@yahoo.com,"Designer, textile",43,2025-05-17
312,Paula,Haas,lindseymay@walker-vazquez.com,"Scientist, research (maths)",58,2025-05-07
313,James,Cunningham,bbrown@moore.com,Air broker,169,2025-05-07
314,Zachary,Schultz,emilyjefferson@hotmail.com,"Teacher, music",62,2025-03-18
315,Jason,Figueroa,gina66@allen-orozco.com,Psychiatrist,39,2025-01-05
316,Derek,Wolf,alexis85@yahoo.com,Mudlogger,149,2025-02-17
317,Robert,King,jorge76@williams.com,Clinical embryologist,51,2025-01-01
318,Shawn,Mueller,hodgesrodney@gmail.com,Telecommunications researcher,130,2025-05-06
319,Mark,Hernandez,clarkdavid@patton.com,Clinical embryologist,161,2025-05-21
320,Lisa,Mullen,ilawson@krueger-jackson.com,Clinical cytogeneticist,129,2025-04-06
321,Elizabeth,Ochoa,steven55@hotmail.com,"Teacher, adult education",55,2025-05-19
322,Amber,Vega,phillipsjohnny@lynch-may.com,"Therapist, horticultural",160,2025-01-18
323,Jordan,Guerra,heathnicole@gmail.com,"Pharmacist, hospital",27,2025-05-25
324,Jose,Rodriguez,hensonhaley@gmail.com,Research scientist (medical),146,2025-01-26
325,Joseph,Friedman,drosales@hotmail.com,"Designer, graphic",134,2025-01-06
326,Julian,Wilson,hullbeth@price.net,Secondary school teacher,2,2025-03-27
327,Christine,Barnes,cody65@allen-torres.com,"Engineer, energy",156,2025-04-01
328,Jocelyn,Burns,dtate@robinson.com,"Psychologist, prison and probation services",123,2025-01-17
329,Rhonda,Rojas,michele63@myers.info,Set designer,198,2025-05-24
330,Kenneth,Martinez,huanglynn@yahoo.com,Land,80,2025-04-28
331,Janice,Hunter,michaelnelson@hebert.com,Town planner,10,2025-04-08
332,Gabriel,Dawson,lindasharp@potter.info,Barrister,94,2025-04-02
333,Lisa,Myers,sarah69@moore.com,Petroleum engineer,81,2025-01-30
334,David,Gardner,lwatson@hill-harrison.com,IT technical support officer,73,2025-03-18
335,Casey,Mathis,xhall@gmail.com,Market researcher,117,2025-05-04
336,Bethany,Espinoza,tyler42@mccormick.com,Academic librarian,46,2025-05-25
337,William,Gates,michellelopez@adams.org,"Engineer, manufacturing systems",102,2025-05-17
338,Michelle,Aguilar,imiller@yahoo.com,"Engineer, mining",57,2025-05-31
339,Anna,Scott,johnpage@hotmail.com,Camera operator,117,2025-01-12
340,Jessica,Nguyen,andersonfrank@jackson.com,Medical technical officer,127,2025-06-07
341,Patricia,Bauer,elizabeth72@rocha.com,Farm manager,114,2025-01-02
342,James,Flores,phillipskelly@gmail.com,Sports therapist,149,2025-01-14
343,Jasmine,Ford,trandustin@gmail.com,Restaurant manager,21,2025-05-02
344,Sheila,Sullivan,wmartinez@rodriguez.com,Records manager,34,2025-01-05
345,Theresa,Hicks,woodarddaniel@yahoo.com,"Journalist, newspaper",149,2025-01-31
346,Kevin,Hardin,robin58@ingram.com,Clinical molecular geneticist,16,2025-01-30
347,Timothy,Bond,dmiller@gmail.com,"Development worker, international aid",156,2025-04-19
348,Virginia,Martinez,sbrooks@hotmail.com,Financial planner,131,2025-02-10
349,Jessica,Gonzales,bpeterson@yahoo.com,Hydrogeologist,139,2025-01-19
350,Megan,Skinner,susansmith@scott-castillo.net,Arts development officer,198,2025-01-13
351,Susan,Jones,arthurwoods@yahoo.com,"Surveyor, commercial/residential",108,2025-03-06
352,Jorge,Payne,brennanjocelyn@lopez-gardner.org,Land/geomatics surveyor,160,2025-06-03
353,Christopher,Lucero,comptonpaige@miller-salinas.com,IT consultant,188,2025-04-14
354,Lawrence,Ruiz,william66@robinson.com,Administrator,116,2025-03-18
355,David,Lewis,murrayjessica@gmail.com,Health visitor,14,2025-02-22
356,Kimberly,Mccarthy,kwallace@yahoo.com,Hydrogeologist,37,2025-05-28
357,Billy,Arnold,jamesmueller@gmail.com,Manufacturing systems engineer,192,2025-03-07
358,Gwendolyn,Frank,gonzalezwilliam@webster.com,Publishing rights manager,106,2025-05-16
359,Rebecca,Fox,ashley93@bonilla.net,Radiation protection practitioner,21,2025-03-11
360,Jasmine,Robinson,lopezamanda@hotmail.com,Social worker,185,2025-05-26
361,Christopher,Clarke,pwalker@wise.com,Acupuncturist,40,2025-02-16
362,Ashley,Garza,jennifermurphy@rocha.biz,Personal assistant,146,2025-06-07
363,Tanya,Pratt,kmedina@gmail.com,Volunteer coordinator,34,2025-05-01
364,Mary,Delgado,ymoore@gmail.com,Data scientist,94,2025-01-10
365,Matthew,Thompson,elizabeth89@gmail.com,Bookseller,109,2025-02-16
366,James,Cruz,fzhang@gmail.com,Ophthalmologist,103,2025-04-21
367,Michael,West,mcleanannette@fisher.com,"Administrator, education",77,2025-02-20
368,Christopher,Sharp,benjaminmora@gmail.com,Planning and development surveyor,45,2025-03-12
369,Kimberly,Fox,michaelterry@gmail.com,"Loss adjuster, chartered",58,2025-02-21
370,Ryan,Thompson,lcole@yahoo.com,"Engineer, communications",83,2025-01-11
371,Jason,Wallace,morgan77@yahoo.com,"Education officer, museum",196,2025-04-09
372,Allison,Short,jennifer89@yahoo.com,Tourist information centre manager,160,2025-04-22
373,Michael,Huerta,mkidd@gmail.com,Research scientist (maths),17,2025-04-21
374,Cheryl,Wilkinson,haley11@gonzalez.com,Clinical psychologist,114,2025-02-10
375,Joe,Krueger,torresjasmine@gmail.com,"Scientist, audiological",169,2025-04-22
376,Holly,Parks,ywatson@diaz.com,Best boy,156,2025-06-01
377,Emily,Kelley,pknox@yahoo.com,Editorial assistant,17,2025-02-06
378,Donald,Green,kevin17@hotmail.com,Financial planner,48,2025-05-12
379,Donna,Blackwell,christina79@gmail.com,"Education officer, environmental",93,2025-04-06
380,Grace,Dudley,whill@gmail.com,Counsellor,70,2025-03-14
381,Gregory,Medina,morganmadeline@williams-mejia.com,"Engineer, production",36,2025-03-08
382,Gregory,Jenkins,clarencepeters@hotmail.com,"Engineer, aeronautical",80,2025-04-05
383,Hannah,Ramos,qbarton@alvarez.org,Toxicologist,102,2025-02-11
384,Pamela,Morris,tporter@yahoo.com,Theatre director,39,2025-02-04
385,Loretta,Delacruz,maynardrobert@hotmail.com,"Engineer, land",188,2025-05-11
386,Michael,Sanders,martin16@frye.com,Senior tax professional/tax inspector,12,2025-05-23
387,Jessica,Ray,andersonbrent@jones-fisher.net,Television camera operator,141,2025-04-26
388,Brittany,Reed,rodneyjuarez@carpenter-bullock.com,Art gallery manager,7,2025-04-08
389,Christina,Stanley,reesedominic@yahoo.com,Trading standards officer,77,2025-01-04
390,Steven,Hayes,cobbangela@barnes.com,Lexicographer,25,2025-03-22
391,Charles,Johnson,bennettjennifer@yahoo.com,Retail buyer,74,2025-02-21
392,Wanda,Sweeney,pkent@alvarez-schneider.com,"Producer, television/film/video",133,2025-01-28
393,Derrick,Smith,scott45@oliver.info,Multimedia programmer,2,2025-05-11
394,Lance,Wise,tarafowler@fisher-park.com,Financial manager,113,2025-01-07
395,Daniel,Cummings,washingtonmark@smith-cox.com,Best boy,157,2025-03-27
396,Paul,Shepherd,alicia00@bentley.com,Dramatherapist,50,2025-02-02
397,Eric,Nichols,pamelawells@johnson.info,Charity fundraiser,139,2025-03-23
398,Robert,Nguyen,isabelwallace@yahoo.com,"Scientist, product/process development",182,2025-02-19
399,Kelly,Mcintyre,johnwatson@combs-thomas.com,"Designer, textile",14,2025-02-08
400,Robert,Foster,murphylisa@ward.info,"Engineer, chemical",3,2025-05-02
401,Susan,Bates,matthewday@hughes-smith.com,Architect,128,2025-03-31
402,Joshua,Wagner,christophersummers@rojas-lynn.com,Ceramics designer,36,2025-02-28
403,Marie,Salazar,guerrerodaniel@leblanc-bridges.net,"Clinical scientist, histocompatibility and immunogenetics",133,2025-01-13
404,Jessica,Byrd,andrewparker@gmail.com,"Teacher, early years/pre",177,2025-04-25
405,Martin,Lopez,timothysmith@watkins-mcpherson.info,Telecommunications researcher,58,2025-02-05
406,Jesse,Thompson,petersonjulie@grant-martin.info,Marine scientist,61,2025-04-04
407,Christina,Cook,lauraturner@harris.net,Building surveyor,188,2025-02-16
408,Austin,Hodges,alexandershort@yahoo.com,Event organiser,109,2025-04-13
409,Tara,Garcia,kvelazquez@gmail.com,Armed forces logistics/support/administrative officer,125,2025-01-31
410,Wanda,Allen,kbeck@hotmail.com,Air cabin crew,66,2025-03-31
411,Kimberly,Soto,robert90@yahoo.com,Speech and language therapist,134,2025-03-05
412,Cheyenne,Chang,matthewsseth@gmail.com,Telecommunications researcher,57,2025-04-23
413,Carl,Smith,bellkatie@yahoo.com,Armed forces logistics/support/administrative officer,87,2025-03-18
414,Lisa,Wong,rtaylor@hotmail.com,"Editor, film/video",136,2025-01-11
415,Michael,Hart,james52@gmail.com,Trade mark attorney,187,2025-03-30
416,Michael,Olson,masoncarolyn@estes.com,Lobbyist,25,2025-01-28
417,Brian,Kelly,vpowell@hall.com,Osteopath,88,2025-02-18
418,Megan,Miller,karen19@berry.info,Best boy,115,2025-05-12
419,Ryan,Allison,hgreene@yahoo.com,Engineering geologist,44,2025-04-20
420,John,Smith,kim52@gregory-moore.com,"Scientist, forensic",44,2025-06-05
421,Richard,Vaughn,huntharold@gmail.com,"Psychologist, prison and probation services",12,2025-03-11
422,Elizabeth,Crawford,dianagarrett@lyons.com,Location manager,95,2025-04-07
423,Kayla,Mack,kimberlyrobles@walker-smith.com,Health and safety adviser,145,2025-05-02
424,William,Flores,jsullivan@brown-white.org,"Geologist, wellsite",19,2025-04-07
425,Chris,Blevins,wbell@gmail.com,Acupuncturist,165,2025-01-01
426,Mary,Hamilton,wujasmine@hotmail.com,Field seismologist,31,2025-01-16
427,Danielle,White,latasha34@martin-huffman.com,Industrial buyer,196,2025-05-12
428,Thomas,Hunt,pfitzgerald@spencer.com,Patent attorney,192,2025-02-19
429,Lori,Bailey,kelly39@gmail.com,Firefighter,178,2025-05-17
430,Ryan,Miller,andrewweber@jones.info,"Buyer, retail",33,2025-04-15
431,Monique,Miller,jose34@reynolds-lawrence.com,"Librarian, academic",158,2025-03-20
432,Jack,Chan,scaldwell@hotmail.com,Transport planner,18,2025-04-25
433,Jennifer,Delgado,nwebb@brown.info,Medical laboratory scientific officer,173,2025-04-01
434,Donna,Anderson,jillbrown@christensen-camacho.info,"Production designer, theatre/television/film",56,2025-03-21
435,Jennifer,Marquez,arianagonzalez@alexander.net,Animator,39,2025-04-08
436,Ronald,Cherry,jcrosby@clayton.com,"Therapist, horticultural",7,2025-01-19
437,Andrea,Powers,mcculloughfred@smith.com,Maintenance engineer,181,2025-02-19
438,Donald,Rios,brian62@gmail.com,Advertising account executive,56,2025-02-08
439,Ryan,Braun,johnrhodes@gmail.com,Arts administrator,179,2025-03-18
440,Richard,Thomas,ekennedy@hotmail.com,Lexicographer,193,2025-02-20
441,Kayla,Obrien,williamsashley@anderson.biz,"Horticulturist, commercial",80,2025-04-11
442,Gabriel,Ross,christopherparrish@hotmail.com,Medical technical officer,96,2025-04-13
443,Jared,West,wboyer@hotmail.com,Education administrator,44,2025-04-05
444,Timothy,Reed,warrenaaron@johnson.com,"Psychologist, occupational",59,2025-05-07
445,Justin,Frederick,moorematthew@gmail.com,Mechanical engineer,193,2025-01-31
446,Justin,Gonzalez,robertruiz@yahoo.com,"Engineer, civil (contracting)",110,2025-01-31
447,Susan,Joseph,shaunbenjamin@hernandez.com,Personal assistant,92,2025-03-26
448,Jamie,Carroll,cooktyler@mccall.info,"Development worker, community",21,2025-02-14
449,Jason,Lloyd,melissa95@hotmail.com,Patent examiner,59,2025-04-20
450,David,Gardner,arojas@yahoo.com,"Pharmacist, hospital",169,2025-01-22
451,Holly,Phillips,garciajames@yahoo.com,Chief Executive Officer,36,2025-04-06
452,Randy,Lopez,bmoody@hotmail.com,Neurosurgeon,186,2025-05-10
453,Emily,Morris,elizabethwright@stevenson.com,Astronomer,97,2025-05-25
454,Amanda,Byrd,joshuaperkins@hotmail.com,Radio broadcast assistant,180,2025-02-20
455,Gregory,Robertson,wendymartin@yahoo.com,Paramedic,184,2025-03-16
456,Laura,Ruiz,amandataylor@hotmail.com,Horticultural therapist,44,2025-05-08
457,Patrick,Malone,eddie52@williams.com,Academic librarian,128,2025-01-12
458,Ellen,Barnes,campbelljoseph@yahoo.com,Research scientist (physical sciences),152,2025-01-26
459,Cindy,Jones,jasmine64@campbell-guzman.com,Public librarian,67,2025-04-14
460,William,Gregory,erikalawson@hotmail.com,Careers adviser,86,2025-03-02
461,Vincent,Brown,pgrant@long.biz,Chief Financial Officer,10,2025-05-07
462,Oscar,Cook,ukane@mcmillan.net,Passenger transport manager,20,2025-06-03
463,David,Randolph,erin68@conrad.com,Insurance broker,47,2025-03-18
464,Christian,Jacobs,paula58@myers-turner.com,Pensions consultant,32,2025-04-11
465,Victor,Norris,shanejimenez@gmail.com,Health and safety inspector,84,2025-03-23
466,Patrick,Wright,simmonsalan@travis.com,"Engineer, petroleum",75,2025-02-01
467,Andrea,Williams,sara42@bradford-ellis.biz,Diagnostic radiographer,48,2025-03-02
468,Lori,Jordan,turnermia@cobb-carrillo.com,Health and safety adviser,192,2025-04-08
469,Annette,Wall,lisaswanson@yahoo.com,Toxicologist,61,2025-04-28
470,Holly,Bradley,wardcrystal@roman.org,"Designer, jewellery",27,2025-04-07
471,Tracy,Clements,yjones@nelson-kim.com,Analytical chemist,177,2025-05-29
472,Jesus,Paul,alyssagreen@simmons.com,"Engineer, structural",73,2025-05-05
473,Brianna,Perkins,richardaaron@gmail.com,Ship broker,4,2025-02-11
474,Michael,Harris,laura69@yahoo.com,Public house manager,114,2025-05-12
475,Jeffrey,Potter,cheryl89@hotmail.com,Clinical cytogeneticist,157,2025-01-20
476,Adrian,Shelton,umorgan@hotmail.com,Brewing technologist,56,2025-05-07
477,Nathan,Ramsey,bonnie70@gmail.com,"Conservator, museum/gallery",95,2025-03-10
478,Joseph,Hicks,millermichael@murphy.com,Armed forces operational officer,53,2025-04-18
479,Sharon,Parker,bbrown@henson-bright.com,Financial controller,63,2025-01-06
480,Brian,Mora,ann92@mccarthy.com,"Engineer, manufacturing",91,2025-04-19
481,Janet,Alexander,thompsondaniel@hotmail.com,Structural engineer,155,2025-02-14
482,Mary,Merritt,mortonjeffrey@yahoo.com,Data processing manager,132,2025-05-18
483,Theresa,Nelson,georgebradley@cole.com,Building surveyor,196,2025-04-30
484,Jordan,Blair,robert63@dominguez.info,Corporate investment banker,179,2025-06-03
485,Barbara,Gibbs,nrichard@hotmail.com,Leisure centre manager,173,2025-03-17
486,Phillip,Walton,lisa08@gmail.com,Regulatory affairs officer,130,2025-05-18
487,Dylan,White,kmarshall@yahoo.com,Child psychotherapist,12,2025-04-02
488,Rodney,Schmidt,wgomez@smith-jordan.com,Human resources officer,13,2025-04-21
489,Audrey,Mcconnell,xevans@hotmail.com,Financial trader,120,2025-03-10
490,Robert,Cline,monicajohnson@hotmail.com,Health and safety inspector,158,2025-01-14
491,James,Martinez,mthornton@hotmail.com,"Presenter, broadcasting",100,2025-01-22
492,Charles,Campbell,laurentaylor@kelly.com,Ecologist,173,2025-05-29
493,Lisa,Casey,brewerdavid@yahoo.com,Research scientist (life sciences),33,2025-01-17
494,William,Rowland,christian63@hotmail.com,Herbalist,128,2025-03-06
495,Denise,Chung,jonesaustin@gardner.com,Adult nurse,178,2025-05-11
496,Tina,Richmond,villanuevaclifford@zuniga.org,"Investment banker, corporate",124,2025-06-03
497,Catherine,Becker,tiffanychavez@yahoo.com,"Scientist, research (life sciences)",179,2025-02-06
498,Michelle,Murphy,jenniferjensen@douglas.biz,Higher education lecturer,57,2025-01-26
499,Gerald,Mitchell,hbenjamin@luna.com,"Runner, broadcasting/film/video",7,2025-05-30
500,Jennifer,Ponce,margaret74@wood-reed.com,"Engineer, technical sales",88,2025-06-02
501,Destiny,Wilkins,myerseric@yahoo.com,Sub,165,2025-04-03
502,Jeffrey,Hansen,annabowers@weber.net,Financial manager,192,2025-04-12
503,Heather,Warren,vrobles@hernandez.biz,"Engineer, production",122,2025-01-14
504,Lucas,Jones,ritterjohn@gmail.com,"Therapist, art",48,2025-03-20
505,Oscar,Martin,scottmartha@russo.org,Museum/gallery exhibitions officer,136,2025-02-13
506,Kimberly,Hill,caitlynharris@johnson-lopez.com,Insurance risk surveyor,111,2025-01-06
507,Michael,Sparks,alison23@hayes-roberts.com,Trade union research officer,99,2025-01-15
508,Brittany,Hendrix,janethall@gmail.com,"Conservation officer, historic buildings",19,2025-02-15
509,Brittany,Johnson,jjohnson@hotmail.com,Multimedia programmer,186,2025-01-02
510,Richard,Mcbride,dcrawford@gmail.com,Higher education lecturer,102,2025-02-04
511,Jessica,Pitts,lbarnes@gmail.com,Exercise physiologist,47,2025-06-07
512,Benjamin,Porter,brenttucker@garner-schneider.net,Brewing technologist,190,2025-05-27
513,Sharon,Morales,adam02@gmail.com,"Engineer, land",33,2025-03-25
514,Dennis,Davis,joseph04@hotmail.com,Soil scientist,192,2025-02-04
515,Brent,Norton,deannaboone@mendoza.com,Civil Service fast streamer,35,2025-01-03
516,Jay,Jones,kelsey42@moore-smith.com,"Biochemist, clinical",131,2025-05-30
517,Scott,Harris,justin11@gmail.com,Sport and exercise psychologist,180,2025-02-15
518,Carol,Blackwell,huangmarvin@yahoo.com,Music tutor,141,2025-02-08
519,Donald,Larson,xhanson@trujillo-green.net,"Merchandiser, retail",44,2025-05-17
520,Linda,Morrison,lesterchase@yahoo.com,"Research officer, political party",14,2025-01-14
521,Sarah,Leonard,jacqueline57@rice-ford.org,Financial planner,61,2025-01-30
522,Terry,Horne,foxrichard@howard.biz,Clinical cytogeneticist,158,2025-06-01
523,Jacob,Moreno,uadkins@sanchez-powell.com,Hydrographic surveyor,159,2025-05-18
524,Sarah,Nicholson,joshua80@jackson-roberts.biz,Meteorologist,32,2025-05-21
525,Joseph,Gutierrez,bryan48@brandt.info,Contractor,39,2025-04-12
526,Jason,Torres,fieldsjeremy@hotmail.com,Merchant navy officer,81,2025-04-29
527,Karla,Woods,jillgonzales@gmail.com,Film/video editor,99,2025-04-10
528,Alicia,Richards,cynthia25@newman.org,General practice doctor,70,2025-03-09
529,Jesse,Hampton,ojordan@hotmail.com,Proofreader,103,2025-01-22
530,Kaitlin,Thompson,william23@gmail.com,"Administrator, local government",168,2025-05-01
531,Kaitlin,Solomon,jarvisanthony@larson-browning.com,Secretary/administrator,172,2025-01-03
532,Nicole,Snyder,xbird@santana-morris.com,Purchasing manager,93,2025-02-24
533,Tony,Martin,thampton@martin.com,"Scientist, audiological",170,2025-05-24
534,Raymond,Sloan,tracywright@gmail.com,"Engineer, electrical",89,2025-02-13
535,Molly,Dorsey,charlottehoward@yahoo.com,Futures trader,11,2025-05-23
536,Robert,Payne,robert00@gmail.com,Web designer,98,2025-01-13
537,Anthony,Simmons,hendersondaniel@yahoo.com,Manufacturing systems engineer,102,2025-01-24
538,Diana,Cisneros,wpatel@keith.com,"Accountant, chartered",177,2025-05-07
539,Leah,Lopez,jeffrey97@lewis.com,Private music teacher,137,2025-03-12
540,Jessica,Butler,brownpatricia@huang.com,Risk analyst,181,2025-05-16
541,Carmen,Perkins,jeffreybrooks@hotmail.com,Solicitor,57,2025-05-17
542,Michael,Carter,cperez@gmail.com,IT sales professional,53,2025-05-12
543,Melvin,Peterson,bradley72@charles.com,Dancer,184,2025-02-11
544,James,Murphy,hfuller@abbott.com,Holiday representative,164,2025-03-09
545,Sarah,Singleton,boonemichael@walker.com,Community pharmacist,114,2025-05-29
546,Kevin,Garza,samanthaweiss@yahoo.com,Insurance broker,108,2025-01-08
547,Raymond,Garza,orozcojorge@reese-torres.com,Make,133,2025-06-04
548,Heather,Vazquez,rogersmisty@wallace.com,Industrial buyer,108,2025-02-22
549,Lisa,Carter,opatterson@drake.net,Bookseller,161,2025-03-27
550,Kristin,Swanson,lori14@anderson.org,Tourism officer,109,2025-03-27
551,Sean,Moore,kimberlymurphy@yahoo.com,Theatre manager,165,2025-05-16
552,Elizabeth,Hamilton,pwhite@mejia.net,"Therapist, nutritional",45,2025-03-01
553,Ryan,Day,holtariel@short.com,Armed forces operational officer,53,2025-03-04
554,Tiffany,Perry,dsmith@hotmail.com,English as a second language teacher,80,2025-05-03
555,Jennifer,Thompson,alexisbrown@yahoo.com,Biomedical scientist,55,2025-01-02
556,Virginia,Hicks,martinmarcus@hotmail.com,Horticultural consultant,109,2025-01-18
557,Ann,Fischer,james43@harris.biz,Advertising account executive,60,2025-02-08
558,Mark,Barker,leahgentry@wright.com,Museum/gallery curator,13,2025-03-25
559,Tony,Barron,swagner@hill.com,Web designer,103,2025-01-27
560,Abigail,Pollard,tonyablack@gmail.com,Furniture designer,12,2025-05-12
561,Kelsey,Jordan,kprice@alexander-cardenas.org,"Administrator, charities/voluntary organisations",185,2025-02-21
562,Jessica,Oliver,griffithmonica@gmail.com,Toxicologist,106,2025-01-01
563,Kim,Gibson,kimberlygibson@hotmail.com,Estate agent,112,2025-04-09
564,Heather,Harper,kdavis@yahoo.com,"Engineer, aeronautical",109,2025-04-07
565,Erin,Ortiz,meredith89@yahoo.com,Clinical embryologist,20,2025-02-09
566,Darren,Castillo,odomsusan@gmail.com,Dispensing optician,148,2025-03-16
567,Andrea,Farmer,michaelwright@vega.com,Risk manager,14,2025-02-27
568,Rebecca,Perez,shawnkerr@moore.com,Commissioning editor,16,2025-01-20
569,Joseph,Dunn,mjones@coleman.net,"Runner, broadcasting/film/video",35,2025-03-30
570,Renee,Atkins,stevenwagner@singh-sexton.com,"Surveyor, insurance",164,2025-05-27
571,John,Thompson,ryanmontgomery@hotmail.com,Ranger/warden,124,2025-05-30
572,Dominique,Hamilton,thomasjennifer@hotmail.com,Patent attorney,2,2025-04-23
573,Jennifer,Montgomery,richardterrence@flores-vasquez.biz,Building services engineer,192,2025-02-11
574,Derek,Foster,gfisher@hotmail.com,Systems analyst,7,2025-05-23
575,Sherry,Richards,vaguilar@yahoo.com,Cytogeneticist,154,2025-05-08
576,Adam,Mason,johnstonrobert@smith.info,Dispensing optician,25,2025-04-15
577,Colleen,Hansen,cynthia74@hunt.com,Barrister,60,2025-01-26
578,James,Trujillo,james49@harris-anderson.com,Child psychotherapist,156,2025-01-26
579,Austin,Dean,williamsashley@hotmail.com,Insurance underwriter,174,2025-02-20
580,Amy,Watkins,amy90@wagner.net,"Editor, film/video",128,2025-01-06
581,Nicole,Harris,linda75@jones-lewis.biz,"Research officer, political party",185,2025-01-06
582,Amanda,Navarro,ginaprice@baker-harrington.org,Geophysical data processor,58,2025-02-25
583,Ryan,Russell,thomaskathryn@yahoo.com,"Administrator, arts",149,2025-05-08
584,Brandi,Tran,qsolomon@booth-alexander.biz,Careers adviser,75,2025-05-23
585,Amy,Anderson,emilyvelasquez@yahoo.com,Administrator,92,2025-03-11
586,Jason,Graham,johnmartinez@taylor.com,"Designer, television/film set",6,2025-01-15
587,Justin,Zavala,taylorjustin@walker-campbell.com,Economist,132,2025-06-04
588,Timothy,Lee,william26@olson.com,Patent examiner,128,2025-01-01
589,Mark,Smith,josephterry@montgomery-graham.com,"Engineer, energy",165,2025-01-15
590,Thomas,Fernandez,elizabeth70@yahoo.com,Mechanical engineer,134,2025-05-04
591,Jacqueline,Marshall,zmartinez@hotmail.com,"Presenter, broadcasting",96,2025-02-01
592,Eric,Harris,vvaughan@hotmail.com,Adult nurse,85,2025-05-28
593,Lisa,Conway,evanswilliam@hotmail.com,Herpetologist,88,2025-03-16
594,Emma,Holt,ble@williams-bradshaw.com,"Therapist, sports",108,2025-01-21
595,Debra,Hayes,obrooks@gmail.com,Emergency planning/management officer,34,2025-05-22
596,Danielle,Moore,rhaney@yahoo.com,"Administrator, local government",176,2025-04-08
597,Meghan,Vega,kathrynmurphy@jones-logan.org,Chartered management accountant,54,2025-05-06
598,Tyler,Kaufman,smithkimberly@dodson.biz,Teaching laboratory technician,111,2025-05-10
599,Sarah,Brown,vrush@walker-hernandez.org,Field trials officer,30,2025-04-11
600,Darlene,Davis,mhoffman@baker.biz,Travel agency manager,28,2025-01-25
601,Rachael,Sanders,charlesyoung@barry.org,"Designer, blown glass/stained glass",169,2025-05-17
602,Kevin,Johnson,samueldiaz@yahoo.com,Ambulance person,171,2025-03-12
603,Don,Williams,anthony12@murray-bush.biz,Sub,39,2025-05-11
604,David,Guzman,zchambers@yahoo.com,Armed forces training and education officer,59,2025-05-31
605,Jeffrey,Avila,littlemichael@hotmail.com,Nutritional therapist,1,2025-02-20
606,Jason,Frank,antonio96@forbes.com,Risk manager,107,2025-03-19
607,Glen,Vang,brookemendoza@petersen.com,Learning mentor,62,2025-01-16
608,Angela,Mcneil,vtapia@craig.org,"Surveyor, quantity",42,2025-02-26
609,Jessica,Baker,alexis96@white.biz,Higher education lecturer,26,2025-02-16
610,Katherine,Grant,fraziernancy@yahoo.com,"Engineer, agricultural",55,2025-04-30
611,Cheryl,Ball,ericwilliams@taylor.com,Clinical biochemist,16,2025-01-07
612,Alejandro,Edwards,blanchardwilliam@gmail.com,Quality manager,52,2025-03-09
613,Kelli,Hensley,anna61@hotmail.com,Accommodation manager,185,2025-02-02
614,Lori,Davis,lallison@little-johnson.biz,Race relations officer,100,2025-03-18
615,Darryl,Barrett,josecase@brady.net,Careers information officer,31,2025-04-25
616,Rhonda,Kerr,eric01@massey-ramos.com,"Psychologist, educational",43,2025-02-27
617,Sandra,Adams,ithomas@mitchell-wood.com,Forensic psychologist,50,2025-04-14
618,Donald,Hall,morgansharon@gmail.com,"Research officer, trade union",96,2025-05-26
619,Dennis,Willis,hodgeryan@nguyen.com,Politician's assistant,99,2025-05-26
620,Kevin,Cruz,richardsonmary@phillips.info,"Education officer, museum",179,2025-04-10
621,Elizabeth,Walker,hollymartinez@gmail.com,Multimedia programmer,184,2025-06-02
622,Tonya,Woodward,andreacervantes@yahoo.com,Diplomatic Services operational officer,136,2025-04-06
623,Austin,Richardson,nryan@walker.info,"Social research officer, government",43,2025-04-10
624,Travis,Zimmerman,michaelali@lawson-sparks.info,Television/film/video producer,106,2025-02-17
625,Samantha,Livingston,oweaver@wilson.biz,Theatre manager,169,2025-04-04
626,Courtney,Bird,xharris@lucas.net,"Scientist, research (maths)",183,2025-01-19
627,Danny,Turner,john03@duran.com,"Engineer, electronics",159,2025-02-10
628,Ryan,Rowland,russellblevins@munoz-wu.biz,"Conservator, furniture",154,2025-04-02
629,Kathryn,Burke,jamescameron@gmail.com,Agricultural consultant,102,2025-05-03
630,Susan,Burnett,moorealison@hotmail.com,Solicitor,21,2025-01-13
631,Kayla,Hernandez,rholden@yahoo.com,Artist,58,2025-01-18
632,Daniel,Valdez,pachecobrittany@gmail.com,Computer games developer,39,2025-05-16
633,Amber,Williams,patrick15@allen.com,Management consultant,7,2025-02-16
634,Andrew,Ruiz,juliethomas@yahoo.com,Public relations officer,169,2025-05-27
635,Carmen,Garcia,scottphillips@myers.com,"Therapist, horticultural",119,2025-03-19
636,Jeffery,Garcia,pdavis@hotmail.com,Research scientist (life sciences),69,2025-02-18
637,Emma,Anderson,wilsonamanda@gmail.com,"Geneticist, molecular",99,2025-03-17
638,Joseph,Hayes,smithandrew@yahoo.com,Intelligence analyst,167,2025-03-10
639,Lauren,Gentry,birdcarla@yahoo.com,Archaeologist,185,2025-04-14
640,James,Edwards,sergio33@gmail.com,Naval architect,197,2025-05-24
641,Ricardo,Parsons,fieldsrichard@carter.com,"Engineer, drilling",100,2025-02-04
642,Danielle,Hahn,alexanderwolf@mccarthy-sanchez.com,Visual merchandiser,94,2025-02-27
643,Stacey,Alexander,patriciajackson@gmail.com,"Editor, film/video",145,2025-01-03
644,Andres,Macdonald,wattsbrittany@gmail.com,Mudlogger,33,2025-02-27
645,Timothy,Johnson,angelamartinez@deleon.com,"Surveyor, mining",3,2025-05-18
646,Zachary,Burns,karenhogan@watts-rivera.net,Advertising account planner,36,2025-02-15
647,Linda,Gonzalez,terry92@taylor.net,Horticultural therapist,162,2025-01-27
648,Mary,Jensen,sullivankathryn@gmail.com,Arts administrator,86,2025-05-02
649,Jonathan,Carroll,davidbennett@porter.org,Technical brewer,32,2025-03-25
650,Justin,Tate,vhood@hall-hernandez.com,Environmental consultant,40,2025-02-09
651,Jasmine,Fisher,jessicaholt@hotmail.com,Teaching laboratory technician,149,2025-05-27
652,Veronica,Brown,michaelrhodes@douglas.com,Town planner,62,2025-02-02
653,Caleb,Powell,alyssapaul@williams.com,Cartographer,157,2025-04-05
654,Ruth,Johnson,joseph17@yahoo.com,English as a second language teacher,49,2025-03-10
655,Christie,Joseph,bridget36@hotmail.com,Building surveyor,81,2025-05-16
656,Jocelyn,Davis,sschmitt@olsen.info,Community development worker,79,2025-01-10
657,Katrina,Lewis,christopher01@hotmail.com,Gaffer,39,2025-03-17
658,Lisa,Mills,joseph94@jones.net,Higher education lecturer,13,2025-02-28
659,Edward,Anderson,elizabethfreeman@hotmail.com,Interpreter,43,2025-05-30
660,Amber,Jackson,jim39@hotmail.com,Teaching laboratory technician,18,2025-01-06
661,Rachel,Nguyen,amber82@hotmail.com,Armed forces logistics/support/administrative officer,60,2025-03-12
662,Beth,Love,kevinallen@acosta.info,"Horticulturist, amenity",199,2025-03-12
663,Benjamin,Fletcher,johnnyrowland@hurley.com,Geochemist,99,2025-01-28
664,Yvette,Grant,uleonard@gmail.com,"Engineer, aeronautical",133,2025-02-05
665,Lori,Stark,bscott@mcdaniel-hickman.com,Fish farm manager,84,2025-05-30
666,Robert,Lopez,lewistheresa@yahoo.com,Immunologist,183,2025-05-20
667,Christopher,Jones,rangelrichard@davis.com,Health and safety adviser,147,2025-03-26
668,Rita,Hernandez,fponce@warner.com,Stage manager,158,2025-05-13
669,Jamie,Hughes,deborah51@gmail.com,Dancer,72,2025-01-06
670,Elijah,Howell,holsen@hotmail.com,"Physicist, medical",199,2025-06-06
671,Jason,Montgomery,jlawrence@yahoo.com,"Programmer, systems",125,2025-06-01
672,Steven,Wise,michael88@jackson-brooks.com,Interior and spatial designer,102,2025-05-12
673,Barbara,Vasquez,sarahphillips@sandoval.com,Education administrator,147,2025-03-01
674,Richard,Rodriguez,laura46@berry.biz,Art gallery manager,73,2025-03-28
675,Jonathan,King,tchapman@gmail.com,"Radiographer, diagnostic",132,2025-06-02
676,Phyllis,Ortega,jesse12@hotmail.com,Fish farm manager,9,2025-01-28
677,Christopher,Clark,jordan09@yahoo.com,"Solicitor, Scotland",50,2025-06-07
678,Derrick,Santos,lynchmichael@davis.biz,Learning disability nurse,103,2025-01-26
679,Brian,Greene,roberta84@williams.com,Operations geologist,102,2025-04-20
680,Andrea,Vasquez,wcox@wu-freeman.com,"Doctor, hospital",129,2025-01-19
681,Bryan,Johnson,clarkelizabeth@hall.com,Homeopath,172,2025-05-26
682,Molly,Mcdonald,andersontraci@gmail.com,Newspaper journalist,106,2025-02-26
683,Amber,Hill,knightlaura@carpenter-delacruz.com,"Programmer, multimedia",151,2025-04-07
684,Jonathan,Nelson,nicholedavis@yahoo.com,Banker,105,2025-06-02
685,James,Foster,michael38@booth.net,Teaching laboratory technician,193,2025-04-28
686,Sandy,Brown,awilliams@adams-delgado.com,Accommodation manager,163,2025-05-17
687,Manuel,Goodman,aprilhunt@fisher.com,Catering manager,17,2025-05-31
688,Anne,Lee,gonzalezsara@mckee.com,Personnel officer,74,2025-02-10
689,Jeffrey,Miller,smithtyler@patel.net,Museum/gallery curator,38,2025-01-19
690,Brenda,Thomas,kristen19@thompson-ward.biz,Health service manager,131,2025-03-26
691,Matthew,Sharp,angela19@perez.com,"Surveyor, insurance",200,2025-05-11
692,Joshua,Martinez,ryan94@yahoo.com,"Production assistant, radio",138,2025-02-24
693,Randall,Vega,bradleygonzales@hotmail.com,Materials engineer,63,2025-03-14
694,Katrina,Jordan,jsmith@ellis.com,Metallurgist,112,2025-04-27
695,Anthony,Austin,leslie83@yahoo.com,Accommodation manager,48,2025-03-19
696,David,Hawkins,douglasanderson@wilson.com,Social researcher,49,2025-04-05
697,Douglas,Cole,sara42@collins.com,Commercial/residential surveyor,53,2025-04-15
698,Ronald,Thomas,allenhaney@gmail.com,Film/video editor,64,2025-01-25
699,Shaun,Gonzalez,bakercynthia@cervantes.com,Haematologist,17,2025-02-22
700,Robert,Cole,gibbsmolly@yahoo.com,Advertising copywriter,10,2025-01-20
701,Amy,Keith,amber26@foster-henson.com,Planning and development surveyor,200,2025-02-27
702,Felicia,Smith,hobrien@yahoo.com,Chief Operating Officer,152,2025-05-06
703,Lucas,Romero,david51@hamilton.com,Economist,125,2025-02-15
704,William,Cooper,carpenterrichard@hotmail.com,Clinical molecular geneticist,38,2025-05-15
705,Kimberly,Chapman,kflores@baker.com,Radiation protection practitioner,147,2025-01-31
706,Alexa,Barrera,christopher17@yahoo.com,Mental health nurse,91,2025-05-28
707,Natasha,Moreno,martinezdiana@johnson.com,Secondary school teacher,57,2025-03-05
708,Jill,Snyder,barrmarissa@lara.org,Agricultural engineer,117,2025-03-07
709,Nancy,Smith,josephsmith@gmail.com,Systems analyst,61,2025-01-29
710,Nicole,Howard,daymichelle@cain-chan.com,"Runner, broadcasting/film/video",48,2025-04-22
711,Mary,Warren,gayers@higgins-bell.com,Osteopath,73,2025-05-08
712,Anne,Donovan,belljohn@mitchell.info,Agricultural consultant,121,2025-05-10
713,Ruben,Watson,rileynicole@hotmail.com,"Chemist, analytical",131,2025-01-18
714,Jessica,Gilmore,jgonzalez@dixon-harris.org,Publishing rights manager,195,2025-05-14
715,Michael,Martin,ashleywoods@hotmail.com,Learning mentor,47,2025-01-13
716,Jesse,Gilbert,brett30@yahoo.com,"Engineer, structural",36,2025-03-06
717,Dawn,Kennedy,thomas66@moore.biz,Ecologist,183,2025-03-05
718,Steven,Griffin,penny63@shepherd-chaney.info,Geographical information systems officer,200,2025-02-02
719,Daniel,Snyder,bradyvictoria@moss.biz,Associate Professor,110,2025-06-02
720,Logan,Cochran,hmiller@gmail.com,Ecologist,53,2025-05-14
721,Courtney,Price,carol03@gmail.com,Diagnostic radiographer,23,2025-01-09
722,Michael,Romero,perezmark@velasquez-pacheco.com,Arboriculturist,73,2025-05-19
723,Richard,Jackson,khartman@osborn-morton.com,Geophysicist/field seismologist,96,2025-05-31
724,Matthew,Willis,smaldonado@rubio-patton.net,Tax adviser,33,2025-04-10
725,Adam,Black,cooperlynn@smith.com,"Journalist, magazine",98,2025-05-13
726,Mark,Cruz,tiffanygarcia@yahoo.com,Ship broker,183,2025-04-17
727,Katrina,Suarez,lbennett@king.com,Environmental education officer,101,2025-01-14
728,Samantha,Banks,stevendelgado@gmail.com,Toxicologist,132,2025-03-22
729,Kimberly,Ortiz,hoffmancindy@mendoza.com,"Nurse, learning disability",46,2025-01-18
730,Timothy,Lee,imartinez@yahoo.com,"Designer, industrial/product",194,2025-03-31
731,Ashley,Randolph,shaunbolton@lowe.com,Telecommunications researcher,59,2025-03-01
732,Lori,Morris,bobbybennett@smith.com,"Horticulturist, amenity",114,2025-04-17
733,Robert,Rodriguez,phamjonathan@gmail.com,Manufacturing systems engineer,200,2025-04-08
734,Sandra,Williams,cheyennewarner@cook-bailey.net,Trade union research officer,82,2025-04-24
735,Nicole,Gutierrez,keithmartinez@gmail.com,Paediatric nurse,68,2025-01-16
736,Kyle,Mann,chad01@gmail.com,"Journalist, magazine",152,2025-05-01
737,John,Reyes,hollyrhodes@hotmail.com,Location manager,178,2025-01-11
738,Matthew,Bentley,shelby50@brock-medina.biz,Armed forces logistics/support/administrative officer,3,2025-01-16
739,Javier,Bauer,wgray@wall-mcdonald.com,"Programmer, multimedia",75,2025-02-08
740,Nicole,Acosta,schwartzdeborah@hotmail.com,Chief Executive Officer,196,2025-05-03
741,Wendy,Johnson,ybaker@yahoo.com,"Engineer, materials",163,2025-02-11
742,Jennifer,Mcclain,robertbrewer@yahoo.com,Health and safety adviser,178,2025-05-31
743,George,Olson,bmoore@callahan.biz,Television production assistant,62,2025-05-01
744,Randall,Holt,shelly28@smith-marquez.info,Geographical information systems officer,151,2025-01-19
745,Melanie,Estrada,leblanclindsey@camacho-davis.com,Recruitment consultant,172,2025-02-14
746,Carla,Wong,stevensjason@yahoo.com,"Programme researcher, broadcasting/film/video",39,2025-05-15
747,Kenneth,Wagner,jeremywhite@williamson-malone.biz,Learning disability nurse,59,2025-04-06
748,Rachel,Braun,james92@gmail.com,Tax inspector,94,2025-06-02
749,Matthew,Copeland,pattonjordan@yahoo.com,"Designer, multimedia",86,2025-01-21
750,Lindsey,Cook,brownheidi@berry.com,"Teacher, secondary school",162,2025-04-17
751,Joe,Allen,arichardson@yahoo.com,Furniture conservator/restorer,195,2025-01-01
752,Michele,Bailey,montoyacarl@gmail.com,Research scientist (maths),53,2025-04-12
753,John,Peterson,martinbarbara@yahoo.com,"Therapist, occupational",97,2025-02-05
754,Danny,Smith,andersonjames@johnson.net,Control and instrumentation engineer,8,2025-05-10
755,Walter,Torres,ugraham@yahoo.com,Human resources officer,103,2025-04-15
756,Amanda,Graves,ywalker@yahoo.com,Corporate treasurer,148,2025-01-17
757,Ralph,Fischer,browntyrone@martin.com,Fine artist,182,2025-02-15
758,Richard,Smith,dennismann@gmail.com,Accommodation manager,76,2025-03-27
759,Marilyn,White,mmorales@franklin.com,"Nurse, learning disability",58,2025-04-16
760,Kimberly,Pearson,bushgeoffrey@austin-miller.biz,"Therapist, speech and language",105,2025-05-24
761,Kristi,Juarez,mariaparker@gmail.com,Museum/gallery curator,152,2025-02-02
762,Amy,Thompson,bjohnson@yahoo.com,"Surveyor, building control",84,2025-02-01
763,Vanessa,Wong,sextonmorgan@yahoo.com,Commercial horticulturist,117,2025-04-22
764,Larry,Jones,michael55@weiss.com,Wellsite geologist,92,2025-01-09
765,Amanda,Burns,kimberly83@gmail.com,"Restaurant manager, fast food",71,2025-03-30
766,Tiffany,Garcia,xcompton@young.net,"Scientist, product/process development",42,2025-04-10
767,Douglas,Carroll,sharonmorales@hotmail.com,Garment/textile technologist,125,2025-05-30
768,Lisa,Morgan,cgreene@gmail.com,Theatre stage manager,134,2025-01-25
769,Gina,James,grahamnicole@green-santana.info,"Engineer, maintenance (IT)",56,2025-04-03
770,Julia,Chan,teresa17@gmail.com,Production engineer,86,2025-01-01
771,Jennifer,Watson,whitemichael@gray.com,"Pilot, airline",91,2025-02-08
772,Scott,Wright,robertswendy@caldwell.com,Herbalist,19,2025-03-13
773,Matthew,Benton,justin78@hanson.com,"Geneticist, molecular",60,2025-01-31
774,Tammy,Green,douglasmariah@blake.com,Location manager,108,2025-02-09
775,Amber,Chung,shannonmark@miller.com,Writer,179,2025-03-01
776,Carolyn,Mccarthy,montesjames@davis.com,Bonds trader,87,2025-05-24
777,Lydia,Johnson,greendrew@ramirez-thompson.com,"Teacher, secondary school",49,2025-04-13
778,Eric,Morales,campbelldaniel@taylor.info,Chartered accountant,109,2025-02-06
779,Kevin,Kelley,zrose@murphy.com,Social researcher,102,2025-05-18
780,Jeremy,Flores,yturner@yahoo.com,"Scientist, research (medical)",87,2025-03-10
781,Jacob,Bennett,robinsonamy@yahoo.com,"Journalist, newspaper",176,2025-01-06
782,Miranda,Davis,jonathan33@short.com,Holiday representative,98,2025-01-09
783,Angela,Johnson,julie77@smith.com,Telecommunications researcher,66,2025-02-25
784,Victoria,Barron,rodriguezmelissa@yahoo.com,Tourist information centre manager,165,2025-01-27
785,Jonathan,Sullivan,morgan84@caldwell.net,"Engineer, civil (consulting)",131,2025-05-14
786,Taylor,Adams,darryl15@bautista-peterson.biz,General practice doctor,51,2025-02-02
787,Anthony,Hancock,hunterflores@clay.com,"Programmer, multimedia",91,2025-01-23
788,Yvonne,Adams,carterdeanna@gmail.com,Higher education lecturer,73,2025-04-14
789,Shane,Day,charlesreed@gmail.com,Speech and language therapist,124,2025-04-10
790,Krista,Garrison,chavezamber@solis.info,Chief Financial Officer,90,2025-01-19
791,Brandon,Greer,brittanywilliams@gmail.com,Legal executive,28,2025-03-10
792,Charles,Guerrero,dmorse@owens.com,Meteorologist,26,2025-04-08
793,Eileen,Garcia,acohen@bentley-turner.net,Advertising account executive,177,2025-05-22
794,Jake,Kerr,grimesstephen@yahoo.com,"Designer, jewellery",66,2025-02-13
795,Andres,Berry,deborahbell@yahoo.com,Catering manager,139,2025-04-20
796,Stephen,Burke,amandablackburn@gill.biz,Mechanical engineer,116,2025-05-21
797,Chris,Alvarado,mary45@hotmail.com,Interpreter,168,2025-05-02
798,Eric,Richards,timothy41@wood.info,Careers adviser,43,2025-01-29
799,Jeremy,Miller,yorkmorgan@gmail.com,Event organiser,28,2025-02-05
800,Nicole,Elliott,lcarpenter@hotmail.com,Operations geologist,97,2025-05-29
801,Krista,Horn,haletravis@gmail.com,Plant breeder/geneticist,9,2025-02-13
802,Sandra,Morris,russellvictoria@hotmail.com,Health and safety adviser,115,2025-03-25
803,Timothy,Smith,kevinmeyer@drake.com,"Surveyor, rural practice",33,2025-05-22
804,Brian,Allen,rhenry@robinson.com,"Clinical scientist, histocompatibility and immunogenetics",173,2025-03-27
805,Andrew,Buck,snownicole@hotmail.com,Archivist,102,2025-02-19
806,Jeremy,Davis,brettvargas@hotmail.com,Outdoor activities/education manager,122,2025-06-07
807,Jessica,Johnson,lrodriguez@yahoo.com,Technical author,182,2025-01-30
808,Katie,Davis,jessica38@bailey.biz,Quality manager,154,2025-01-09
809,Robert,Patel,ivanbrown@hotmail.com,Hydrologist,174,2025-03-01
810,Brenda,Jackson,daniellemueller@ballard.org,"Engineer, aeronautical",59,2025-01-15
811,Erika,Griffin,evanscheyenne@gmail.com,Health service manager,28,2025-05-04
812,Joseph,Henry,darryl93@jones-powell.info,Sports development officer,51,2025-05-30
813,Tina,Greene,josephbernard@lawrence.com,Technical sales engineer,151,2025-03-22
814,Cassandra,Andrews,kmiller@solis.com,Community arts worker,176,2025-04-10
815,Gary,Cross,juliahoward@gonzalez.com,"Scientist, research (physical sciences)",33,2025-01-30
816,Angela,Owens,sandra27@white.com,Bookseller,108,2025-01-13
817,Maria,Pratt,angela83@hotmail.com,Manufacturing systems engineer,135,2025-05-24
818,Jasmine,Fields,ywoods@yahoo.com,Seismic interpreter,163,2025-05-08
819,Penny,Johnson,joseph24@hotmail.com,Food technologist,41,2025-03-16
820,Anthony,Mcclain,edward10@smith.com,Merchant navy officer,7,2025-03-19
821,Timothy,Herrera,jeffrey58@long.com,Patent examiner,102,2025-03-29
822,David,Hughes,efoster@dougherty-smith.com,Futures trader,61,2025-02-24
823,Veronica,Carney,jared12@gmail.com,Senior tax professional/tax inspector,67,2025-04-15
824,Brandon,Gallegos,david14@singleton.biz,Advertising copywriter,17,2025-03-11
825,Justin,Taylor,ssawyer@wong.com,Warehouse manager,101,2025-01-14
826,Nancy,Madden,craigdelgado@yahoo.com,"Sound technician, broadcasting/film/video",124,2025-04-27
827,Jacob,Richmond,lambrichard@patton-obrien.biz,"Designer, fashion/clothing",26,2025-03-19
828,Cynthia,Eaton,samantha80@hotmail.com,"Librarian, public",160,2025-04-11
829,Kylie,Andrade,tjohnson@yahoo.com,Operations geologist,152,2025-03-21
830,Courtney,Williamson,wroberts@hotmail.com,"Development worker, international aid",44,2025-01-15
831,Casey,Sanders,billy78@yahoo.com,Jewellery designer,96,2025-04-17
832,Cassandra,Thomas,maxwellsusan@boyle-bradford.com,TEFL teacher,99,2025-04-07
833,Michael,Stewart,whitney27@spencer-smith.com,Communications engineer,48,2025-06-07
834,Diana,Conway,steven22@anderson.com,Ecologist,29,2025-01-25
835,Michael,Solis,laurievargas@yahoo.com,Ophthalmologist,159,2025-01-03
836,Joseph,Ballard,william75@gonzalez.com,Purchasing manager,123,2025-03-28
837,Christopher,Moreno,benjamin81@huynh.com,Immunologist,139,2025-06-04
838,Shari,Hull,gward@yahoo.com,"Designer, multimedia",179,2025-03-22
839,Ashley,Stark,jonesryan@martin.org,"Production designer, theatre/television/film",95,2025-02-08
840,Michael,Walls,vmartin@caldwell-white.net,"Engineer, agricultural",146,2025-01-30
841,Rebecca,Cole,michaeljohnson@hotmail.com,"Biochemist, clinical",91,2025-02-16
842,Morgan,Hobbs,adamstimothy@hotmail.com,Barista,37,2025-04-24
843,Roy,Fernandez,sarah36@fisher.org,Newspaper journalist,174,2025-03-13
844,Jillian,White,lsmith@yahoo.com,Biomedical scientist,33,2025-04-25
845,Ryan,Robertson,thomassamantha@yahoo.com,"Engineer, aeronautical",113,2025-03-16
846,Ann,Wright,jeremy61@carson-bishop.org,"Engineer, drilling",127,2025-05-28
847,Melissa,Washington,joshuavasquez@blake-jackson.info,"Surveyor, quantity",11,2025-01-04
848,Shawn,Ford,martinjessica@hotmail.com,"Psychologist, sport and exercise",189,2025-03-28
849,Mary,Mitchell,jdavenport@gmail.com,"Research officer, political party",131,2025-05-14
850,Brittany,Warren,zimmermankimberly@andrews.com,Graphic designer,95,2025-03-20
851,Jason,Andersen,mgarrett@phelps.info,"Development worker, international aid",112,2025-01-27
852,Matthew,Bell,wmanning@gmail.com,Medical technical officer,50,2025-01-15
853,Richard,Odonnell,dawn82@gray.info,Chief Marketing Officer,109,2025-04-12
854,Ashlee,Davis,gjohnson@dillon-patel.com,Illustrator,159,2025-04-14
855,Jacob,Buchanan,barronjoseph@gmail.com,Commissioning editor,160,2025-01-10
856,Andre,Clarke,oconnorjulie@stewart.biz,Publishing copy,46,2025-04-16
857,Jeffery,Bowers,coledenise@hotmail.com,Archivist,80,2025-01-19
858,Jennifer,Flores,wanda70@spencer.info,Theatre manager,65,2025-02-10
859,John,Schultz,vcole@rose.com,Environmental education officer,160,2025-03-30
860,David,Horn,mallen@hotmail.com,"Programmer, applications",170,2025-05-07
861,Stephanie,Hall,johnsonlisa@wilson-hall.com,Amenity horticulturist,32,2025-04-07
862,Jonathan,Owens,jonesbrenda@gmail.com,Computer games developer,94,2025-05-24
863,Hector,Beltran,robin65@johnson-harper.com,IT technical support officer,137,2025-05-17
864,Brenda,Garcia,angel64@hotmail.com,Patent examiner,23,2025-03-14
865,Kristine,Mathis,jmeyer@jackson-mccormick.com,Diplomatic Services operational officer,53,2025-01-16
866,Linda,Long,ortizchristopher@obrien-walsh.com,Accommodation manager,75,2025-05-26
867,Amber,Jones,castrojesse@hotmail.com,Forest/woodland manager,21,2025-03-05
868,Paula,Moss,trevinoalicia@johnson.com,Pathologist,155,2025-05-21
869,Angela,Woods,kathleen74@hotmail.com,Radiation protection practitioner,21,2025-02-09
870,Joyce,Clark,hbean@kelly-leonard.com,"Administrator, Civil Service",167,2025-03-23
871,Andrea,Ward,jhodges@gmail.com,Geophysicist/field seismologist,135,2025-05-02
872,Amanda,Chandler,ebryant@rogers-hernandez.com,Paramedic,163,2025-01-19
873,Michelle,Solis,heather85@williams.com,"Administrator, local government",159,2025-02-13
874,Elizabeth,Morris,thomaslester@martin-perez.net,"Scientist, research (life sciences)",32,2025-04-07
875,William,Smith,jeffery33@scott.org,"Scientist, physiological",96,2025-02-22
876,Erik,Dillon,ashley27@hotmail.com,Food technologist,48,2025-01-06
877,Blake,Brown,louisjoyce@bates.com,Aid worker,121,2025-05-21
878,Alexis,Beard,forbesbrianna@smith-fletcher.com,"Solicitor, Scotland",138,2025-02-20
879,Christina,Dunn,raymond88@rubio.com,Chief Strategy Officer,90,2025-04-16
880,Jacob,Ward,rfloyd@yahoo.com,"Conservation officer, historic buildings",73,2025-03-04
881,Alan,Elliott,cooksamuel@robinson-dunn.com,"Therapist, nutritional",41,2025-03-06
882,Christopher,Gibbs,tracyjones@wright-rowe.biz,Energy manager,87,2025-03-21
883,Eric,Blake,nicolepena@simpson.com,Theatre director,19,2025-02-11
884,Lydia,Brandt,shahstephanie@huff.com,"Scientist, product/process development",99,2025-01-08
885,Shelby,Martin,hannahmoreno@richards-campos.info,Interpreter,34,2025-01-17
886,Tammy,Bowman,amber96@thornton-frey.biz,"Therapist, sports",80,2025-02-09
887,Victoria,Cook,victoriaconway@sosa.biz,Gaffer,55,2025-02-28
888,Renee,Moore,amy49@hotmail.com,Community development worker,35,2025-05-30
889,Nicholas,Pittman,eric75@yahoo.com,"Surveyor, insurance",116,2025-04-16
890,Vanessa,Schwartz,andersonbrian@rocha.com,Hotel manager,143,2025-03-16
891,Robert,Hernandez,murphyann@horne.org,Risk manager,13,2025-02-17
892,Sherry,Johnson,lori98@salazar.com,"Doctor, general practice",76,2025-01-06
893,Douglas,Pugh,hallhannah@tyler-thompson.info,Soil scientist,185,2025-01-27
894,Patrick,Kirk,meyermargaret@fisher-hunter.org,Nutritional therapist,30,2025-01-23
895,Victoria,Dawson,kristingonzalez@hotmail.com,Volunteer coordinator,177,2025-02-03
896,Michele,Payne,jonescrystal@yahoo.com,Mudlogger,93,2025-04-08
897,Michele,Chan,schwartzjason@brooks-lawrence.com,Information officer,162,2025-02-25
898,Joanne,Peterson,christy66@hotmail.com,"Accountant, chartered certified",5,2025-01-01
899,Allen,Williamson,anthonyjacobs@yahoo.com,Chief of Staff,40,2025-01-14
900,Anthony,Schmidt,stephaniepitts@garcia-nunez.com,Field seismologist,57,2025-02-27
901,Kristin,Galloway,troymcdonald@smith.com,Gaffer,78,2025-01-24
902,Jerry,Snyder,zclark@brown.com,Newspaper journalist,13,2025-02-13
903,Phillip,Cruz,qbishop@gmail.com,Civil Service administrator,176,2025-05-07
904,Joseph,Vazquez,christina37@flores.com,Immunologist,162,2025-04-15
905,Terri,Parker,parkerlaura@hotmail.com,Arboriculturist,15,2025-03-26
906,Victoria,Roth,matthewgilbert@pena.biz,Seismic interpreter,146,2025-04-07
907,Lindsay,Hernandez,jenniferjackson@gmail.com,"Engineer, automotive",95,2025-02-19
908,Reginald,Caldwell,tylervazquez@griffin-lowe.biz,Retail banker,167,2025-01-10
909,Peter,Fisher,brandonscott@deleon.com,IT consultant,28,2025-04-22
910,William,Jackson,holly59@jones.com,Financial adviser,178,2025-04-11
911,Jackson,Adams,kaylabrown@gmail.com,Dentist,141,2025-04-09
912,Curtis,Morris,garyreed@yahoo.com,Forest/woodland manager,174,2025-01-03
913,Michelle,Peterson,huynhkathryn@hotmail.com,"Engineer, production",146,2025-02-13
914,Karen,Meza,ostevenson@mccullough.net,"Surveyor, planning and development",163,2025-05-18
915,Jean,Mcdonald,joshuagill@bradley.com,Industrial buyer,115,2025-01-05
916,Eric,Reynolds,cynthiaperez@duran-morrison.com,Estate agent,54,2025-02-14
917,Hailey,Robinson,calhounjessica@allen.org,Oceanographer,24,2025-02-10
918,Kimberly,Hughes,johnsonbrian@wong-miller.com,Futures trader,138,2025-03-29
919,Deborah,Brooks,hoaaron@yahoo.com,Psychiatrist,111,2025-01-10
920,Jennifer,Todd,yramos@moss-smith.com,Biomedical scientist,101,2025-01-25
921,Amanda,Carpenter,kimberly04@gmail.com,Media buyer,178,2025-03-03
922,David,Rich,ygeorge@lopez-smith.net,Water quality scientist,21,2025-04-12
923,Brandon,Santana,kelly64@hotmail.com,Trade union research officer,114,2025-01-29
924,Jose,Hayes,danasmith@moss-george.biz,"Accountant, chartered",33,2025-05-12
925,Jeremy,Randall,timothynguyen@wilkins-vega.com,Chief Executive Officer,43,2025-02-25
926,Kenneth,Sullivan,sara75@gmail.com,Purchasing manager,28,2025-04-30
927,Jo,Lang,smorgan@williams-schultz.com,Banker,143,2025-01-03
928,Jonathan,Winters,rachel17@yahoo.com,Museum/gallery exhibitions officer,77,2025-04-08
929,Douglas,Ortiz,callahanshaun@yahoo.com,Medical sales representative,185,2025-02-21
930,Heather,Kerr,baileymichael@yahoo.com,Network engineer,89,2025-06-05
931,Perry,Olson,ethanmiller@sheppard.com,Photographer,181,2025-05-06
932,Connie,Ryan,courtney20@hotmail.com,Production manager,166,2025-05-05
933,Erin,Massey,owenlaura@nash-brown.com,Sports therapist,121,2025-05-18
934,Andrew,Vang,sowens@davis-walsh.com,Operational researcher,119,2025-05-04
935,Tiffany,Jones,theresapham@garcia.com,"Production assistant, television",85,2025-02-11
936,Nancy,Keith,ystout@reeves-wells.com,Data processing manager,145,2025-01-18
937,Elizabeth,Day,whernandez@peterson.com,"Education officer, community",10,2025-04-04
938,Kimberly,Jones,xmartinez@moore.biz,Transport planner,38,2025-04-30
939,Michelle,Poole,smithjames@owens.org,Health and safety adviser,39,2025-04-23
940,Emily,Fisher,garciamitchell@gonzales.org,Data scientist,32,2025-01-20
941,Teresa,Floyd,bartonjoshua@vaughn.net,"Surveyor, minerals",180,2025-02-22
942,Claudia,Waters,rachellevine@davenport.info,"Therapist, music",7,2025-04-04
943,Amanda,Watts,zacharyjohns@yahoo.com,Warden/ranger,80,2025-04-11
944,Brianna,Simpson,mary55@gmail.com,IT technical support officer,58,2025-01-15
945,Lawrence,Green,marymoran@gmail.com,Production engineer,28,2025-02-03
946,Christie,Larson,reynoldscourtney@fuller.biz,Biomedical scientist,151,2025-01-24
947,Andrew,Price,liukenneth@adams.com,Advice worker,144,2025-01-31
948,Danielle,Gill,tdecker@love-carrillo.com,"Loss adjuster, chartered",199,2025-05-22
949,Michelle,Kelly,bcrawford@gmail.com,Facilities manager,17,2025-01-27
950,Joshua,Lynch,beckyhunt@yahoo.com,"Designer, exhibition/display",18,2025-04-01
951,Tyrone,Mcdaniel,paulangelica@burch.com,Press sub,69,2025-03-17
952,Paul,Williams,bonillawilliam@hotmail.com,Health visitor,7,2025-03-15
953,Donald,Morales,cthomas@knox-jenkins.com,"Designer, fashion/clothing",189,2025-01-24
954,Sarah,Villarreal,raymondhughes@gmail.com,"Scientist, audiological",108,2025-03-13
955,Abigail,Gilmore,cherrymonique@harris.com,Tax adviser,28,2025-01-20
956,Mark,Bruce,twhitehead@yahoo.com,Proofreader,127,2025-01-21
957,Elizabeth,Galvan,thompsondawn@roberts.biz,Chief Strategy Officer,66,2025-06-07
958,Laurie,Anderson,mark84@sanchez-miller.net,Video editor,176,2025-01-09
959,William,Lam,stacyharris@yahoo.com,Holiday representative,46,2025-02-04
960,Joseph,Kelly,rgamble@yahoo.com,Museum education officer,96,2025-02-07
961,Miranda,Villanueva,hammondbarbara@benson.biz,Diagnostic radiographer,89,2025-06-03
962,Anthony,Arellano,syates@gmail.com,Government social research officer,160,2025-03-07
963,Aaron,Lozano,ojohnston@cook-collins.com,Air traffic controller,9,2025-03-16
964,Jennifer,Flowers,julia89@yahoo.com,Minerals surveyor,128,2025-05-16
965,Brenda,Sanchez,contrerasjessica@hotmail.com,Printmaker,197,2025-04-25
966,Brian,Randolph,agreen@yahoo.com,Legal executive,134,2025-03-01
967,Natalie,Crosby,michael54@gmail.com,Public relations account executive,9,2025-01-02
968,Amy,Gonzalez,jonescindy@fowler.com,Land/geomatics surveyor,77,2025-05-31
969,Brittany,Rios,wgardner@wong-jones.com,Cartographer,5,2025-02-04
970,Kenneth,Martinez,rioskimberly@hotmail.com,Museum education officer,154,2025-03-31
971,Taylor,Harper,kcook@case.info,Counselling psychologist,103,2025-01-25
972,Allison,Medina,tgilbert@jones.net,"Nurse, learning disability",136,2025-02-17
973,William,Jackson,estradajennifer@bernard.com,Licensed conveyancer,147,2025-05-22
974,Fred,Roberts,esparzalisa@yahoo.com,Airline pilot,124,2025-01-17
975,Ross,Heath,ddoyle@hotmail.com,Land,107,2025-03-19
976,Ryan,Johnson,tbriggs@hotmail.com,Art therapist,80,2025-03-04
977,Stacy,Sheppard,ehall@yahoo.com,"Engineer, chemical",18,2025-01-24
978,Angela,King,barrettkevin@gmail.com,Structural engineer,183,2025-03-06
979,Travis,Cole,allenflores@hotmail.com,Location manager,181,2025-04-17
980,Keith,Charles,richardchapman@hodges.com,Nature conservation officer,35,2025-04-02
981,Matthew,Nelson,irobertson@cox-carter.com,Mining engineer,6,2025-01-11
982,Darius,Howe,dcarrillo@hotmail.com,Armed forces training and education officer,5,2025-01-14
983,Gina,Stanley,bnunez@lowery-hartman.org,Pension scheme manager,28,2025-04-22
984,Amy,Norman,simpsonevan@hubbard.com,Forensic scientist,62,2025-01-23
985,Sherri,Alexander,cruzerika@jones.com,Chiropractor,132,2025-03-08
986,Rose,Pennington,emilyjohnson@miller.com,Microbiologist,92,2025-02-20
987,Sandra,Mann,amathews@robbins-jones.com,"Therapist, speech and language",53,2025-03-01
988,Benjamin,Hodge,christophersmith@gillespie.com,"Editor, film/video",180,2025-03-14
989,Jonathan,Stone,danny48@deleon.com,Web designer,121,2025-04-02
990,Michele,Gomez,richardbaker@cabrera.com,Naval architect,4,2025-03-23
991,Betty,Medina,claudia26@williams.com,Politician's assistant,43,2025-03-18
992,Jared,Powell,gregorysmith@yahoo.com,Financial risk analyst,108,2025-01-12
993,Christopher,Moreno,tammybrooks@hotmail.com,Minerals surveyor,98,2025-05-13
994,Kristen,Sullivan,denise45@king-ewing.com,Health service manager,116,2025-03-07
995,Nathan,Thomas,ayerskyle@yahoo.com,"Physicist, medical",29,2025-05-20
996,Kimberly,Mills,cooperseth@yahoo.com,Biomedical scientist,38,2025-01-08
997,Gregory,Santana,samuelscott@gmail.com,Sub,145,2025-04-12
998,Dalton,Edwards,katrinaholden@vasquez.com,"Psychologist, forensic",159,2025-03-21
999,Amy,Miller,jenniferfrank@gonzales-king.biz,"Doctor, general practice",118,2025-04-24
1000,Michael,Atkinson,leslie26@miles.com,"Producer, television/film/video",111,2025-02-26
